{"count":1,"self":158.4684416,"total":309.627078,"children":{"InitializeActuators":{"count":1,"self":0.0019947999999999997,"total":0.0019947999999999997,"children":null},"InitializeSensors":{"count":1,"self":0.0015003,"total":0.0015003,"children":null},"AgentSendState":{"count":220984,"self":1.1325451,"total":2.3159055,"children":{"CollectObservations":{"count":22099,"self":0.1315113,"total":0.1315113,"children":null},"WriteActionMask":{"count":22099,"self":0.0330311,"total":0.0330311,"children":null},"RequestDecision":{"count":22099,"self":0.2407596,"total":1.018818,"children":{"AgentInfo.ToProto":{"count":22099,"self":0.17128649999999998,"total":0.77805839999999993,"children":{"GenerateSensorData":{"count":22099,"self":0.48953019999999997,"total":0.60677189999999992,"children":{"RayPerceptionSensor.Perceive":{"count":22099,"self":0.11724169999999999,"total":0.11724169999999999,"children":null}}}}}}}}},"DecideAction":{"count":220984,"self":139.174016,"total":139.17401569999998,"children":null},"AgentAct":{"count":220984,"self":9.6557088,"total":9.6642260999999987,"children":{"AgentInfo.ToProto":{"count":251,"self":0.0014884,"total":0.0085171999999999991,"children":{"GenerateSensorData":{"count":251,"self":0.0060022,"total":0.0070288,"children":{"RayPerceptionSensor.Perceive":{"count":251,"self":0.0010266,"total":0.0010266,"children":null}}}}}}}},"gauges":{"ShooterAgent.CumulativeReward":{"count":251,"max":12.5229959,"min":-0.9999907,"runningAverage":1.25017369,"value":-0.9999907,"weightedAverage":5.9516263}},"metadata":{"timer_format_version":"0.1.0","start_time_seconds":"1736820529","unity_version":"6000.0.23f1","command_line_arguments":"C:\\6000.0.23f1\\Editor\\Unity.exe -projectpath C:\\Users\\BannedAccount\\Unity\\MLA-project\\MLA-project -useHub -hubIPC -cloudEnvironment production","communication_protocol_version":"1.5.0","com.unity.ml-agents_version":"3.0.0-exp.1","scene_name":"SampleScene","end_time_seconds":"1736820838"}}